-- Data based on 2024.0 release.
-- 1st example area is Binnenveld (65). This is based on normal data.
-- 2nd example area is Veluwe (57), but a special version: a square 1x1km geometry centered on one receptor is used.
-- 3rd example area is Duinen en Lage Land Texel (2), also a special version: a square 1x1km geometry centered on one receptor is used.
-- 4th and 5th example areas are Haringvliet (109) and Krammer-Volkerak (114), with 200x200m areas that overlap the same zoom level 1 hexagon, and where only Krammer-Volkerak has a habitat area.
-- 6th example is Lingegebied & Diefdijk-Zuid (7), a 200x200m area centered on one receptor.

-- setup.province_land_borders just filled with calculator boundary, needed to generate receptors etc.
INSERT INTO setup.province_land_borders (province_land_border_id, name, geometry)
SELECT 999, 'something_fake', ST_Multi(ST_GeomFromText(value, ae_get_srid())) FROM constants WHERE key = 'CALCULATOR_GRID_BOUNDARY_BOX';

INSERT INTO countries (country_id, code, name)
VALUES (1, 'nl', 'Nederland');

INSERT INTO authorities (authority_id, country_id, code, name, type)
VALUES (11, 1, 'Utrecht', 'Provincie Utrecht', 'province');

INSERT INTO natura2000_directives (natura2000_directive_id, directive_code, directive_name, habitat_directive, species_directive)
VALUES
	(1, 'onbekend', 'Niet bepaald', false, false),
	(2, 'HR', 'Habitatrichtlijn', true, false),
	(3, 'VR', 'Vogelrichtlijn', false, true),
	(4, 'VR+HR', 'Vogelrichtlijn, Habitatrichtlijn', true, true);

INSERT INTO habitat_types (habitat_type_id, name, description)
VALUES
	(28, 'H1330A', 'Schorren en zilte graslanden (buitendijks)'),
	(76, 'H2190B', 'Vochtige duinvalleien (kalkrijk)'),
	(92, 'H3130', 'Zwakgebufferde vennen'),
	(124, 'H4030', 'Droge heiden'),
	(144, 'H6410', 'Blauwgraslanden'),
	(146, 'H6430A', 'Ruigten en zomen (moerasspirea)'),
	(154, 'H6510A', 'Glanshaver- en vossenstaarthooilanden (glanshaver)'),
	(155, 'ZGH6510A', 'Glanshaver- en vossenstaarthooilanden (glanshaver)'),
	(174, 'H7140A', 'Overgangs- en trilvenen (trilvenen)'),
	(176, 'H7140B', 'Overgangs- en trilvenen (veenmosrietlanden)');

INSERT INTO habitat_type_critical_levels (habitat_type_id, substance_id, result_type, critical_level, sensitive)
VALUES
	(28, 1711, 'deposition', 1429, true),
	(76, 1711, 'deposition', 1429, true),
	(92, 1711, 'deposition', 500, true),
	(124, 1711, 'deposition', 714, true),
	(144, 1711, 'deposition', 786, true),
	(146, 1711, 'deposition', 2400, false),
	(154, 1711, 'deposition',1357, true),
	(155, 1711, 'deposition', 1357, true),
	(174, 1711, 'deposition', 1214, true),
	(176, 1711, 'deposition', 500, true);

INSERT INTO habitat_type_relations (habitat_type_id, goal_habitat_type_id)
VALUES
	(28, 28),
	(76, 76),
	(92, 92),
	(124, 124),
	(144, 144),
	(146, 146),
	(154, 154),
	(155, 154),
	(174, 174),
	(176, 176);

INSERT INTO species (species_id, name, description, species_type)
VALUES
	(130, 'H1145', 'Grote modderkruiper', 'habitat_species'),
	(144, 'H1393', 'Geel schorpioenmos', 'habitat_species');

-- Binnenveld specific
INSERT INTO natura2000_areas (assessment_area_id, type, name, code, authority_id, natura2000_area_id, geometry)
VALUES (65, 'natura2000_area', 'Binnenveld', '65', 11, 65, '010600002040710000020000000103000000020000009D00000080490C02797C0441408941E0BF531B4180EC9EBC8C7E0441C0825189B4521B41000A6822AB7E0441C039238AA5521B41006EA301FC800441805CFE0382511B418058A8B570810441C0490CC247511B41807DAE367C82044100C7BA38C2501B4180EC2F3B7C820441800F7A36C2501B4100FF217D2583044180226CB86D501B4180C2F5282A83044100D34D626B501B41004B59067B83044140DD240643501B41809465089183044100151D0938501B41009B551FA1830441405BB1FF2F501B410097FF100C84044180855A93FA4F1B41009A081B10840441C0DFBE8EF84F1B41800F7AB674860441C0825189C64E1B41809A771C7093044140C4B16E4A481B418052272070930441801B0D604A481B4100F9A06772930441C000DE8241481B4180B7408275930441C00E9C7335481B4180DC46837593044140A0897035481B418009F92078930441C0CAA1452B481B41008716D9719304418080260225481B41002DB29D6593044100FCA9F117481B4180BE9F1A65930441C01C5A6417481B41800B24A863930441803D0AD715481B4100FFB2FBC692044100560E2D9F471B4100CBA145B4910441C0A679C7CD461B4180E09C9122910441004625B55E461B4180C117A6BC900441C037F80211461B4100D26FDFD78F044100C58FF160451B4180BC7493BF8E044140F38E938A441B410030BBA7F48D0441806ABCF4EE431B41007B14AE958D044100CCEE49A7431B4180E92631F28C0441C03099EA2C431B418094F686728C0441C0C64B37D0421B41801B0D60238C044180900F7A9B421B4100083D1B228B044140B072A8E4411B4100174850B18904414090A078E3401B4100022B078889044180F2B010E5401B410054E3A58789044140E17A14E5401B4100D8817387890441C057CA32E5401B41801A2FDD5A89044140C6DC7500411B4180158CCADD880441006B2BB64A411B4100166ACDC6880441808CB96B58411B41004B59065F880441C0DFBE4E96411B418045B6F3F6870441C04D6290CF411B4100D42BE5ED87044100295C0FD4411B41004B5986C2870441C0172693E9411B41803255B09D870441408716D9FB411B4100AC1C5A6D8704414025758213421B4180158CCA3287044100560E2D30421B4100EFC943E7860441C0BE0EDC53421B41002FDD24D7860441C059F5795B421B4180D5E7EAD0860441402575425E421B4180C1A8A4C98604410093A98261421B41008C4A6A9D8604414027A04975421B41001A515AD3850441009E5E69CE421B41004B59063A85044100EEEB000E431B4100BBB88D24850441C0E1E91517431B4180348037D1840441801804563A431B41009C33A2BD84044140AD699E42431B4100C4422DB184044100C139E347431B41809DEF27B184044180787AE547431B4100FED4788C84044100D5786957431B4180B81E85EB830441404BC8C79B431B41000F0BB597830441804DF30EBF431B410073D7122F83044180999919EB431B41806B09798782044180AA609431441B4180923A8146820441C04E40134E441B4180499D00A4810441801B0D6092441B41000AD7A3ED8004414041F1A3DF441B4180E7FBA94F800441805E298B22451B418036ABBEE27F0441007B142E50451B41800B24A8E07F0441C04D621051451B41002E9020DF7F0441006B2BB651451B4100B7D180487F044140F8C26491451B410076E01C0A7F0441C09387C5AB451B41802EFF21707E0441C0B6623FED451B41801E85EB6D7E044140454732EE451B418016D94E067E044140C807BD19461B4100E02D10A67D0441C09F1A2F42461B4100705F07037D04414090A03887461B4180C420B0D37C044100A69B449B461B4180711B8DF77B044100DAAC7AF8461B4180499D80F77B044100000080F8461B4180F3FDD4997B0441C032C4F120471B4180C117A6E17A044100A392BA6E471B4100DCD701AE79044100174810F2471B4100A392BAAA790441407DAE76F3471B4180F7E4E136790441C0F3FD9424481B418014AE47CC780441404BC8C751481B4100000000BE780441008F53B457481B410092CBFFA97804410000000060481B4180A44EC06C780441C0D5566C79481B41802497FF667804418004C5CF7B481B4100B37B72BC77044180CC5D0BC5481B4180764F1E6E770441C0BFEC1EE7481B4100022B874A77044140F5B99AF6481B41006F81044A770441402AA9D3F6481B4180703D0A4677044100F2418FF8481B410086C954E176044140423EE822491B4180BDC1977B76044180C420B04D491B4180522720207604410000000074491B4100BD52162076044140CA320474491B418066666672750441C0D85FB6BD491B410011363C1D750441C0B6623FE2491B41004E6210CA740441806891ED054A1B4180B88D063B74044140FAEDAB414A1B4100B459F5DE7304414090A0B8684A1B4180ED7C3F8473044180D712328F4A1B4100371A403C73044180E4F21FAD4A1B41807D1D383C730441C0F75323AD4A1B418003E78C3873044140EA04B4AE4A1B418009F920747204418091ED7C024B1B41003C4ED13E72044180931804194B1B41007D3F35CA710441404CA64A4A4B1B418075711BC9710441808026C24A4B1B4180779C22B971044100DE0289514B1B4180900FFA35710441C0C64B37894B1B4100AC1C5A35710441808EE4728C4B1B418016D9CE36710441803A01CD8B4B1B4180BC74932171044140B4C8F6AF4B1B41005A643BE7700441408716D9E34B1B4100C28627BD700441C0240681174C1B4180D409689670044180ABAD182F4C1B4100E4831E41710441C00C716CC24C1B4100560E2DAC71044140674469154D1B4100EFC9433672044140AD695E864D1B41009BE69DD072044180F7E4A1154E1B4100560E2D46730441C088D29E754E1B4100FED478CF73044180A52C03E14E1B4100287E0C6374044180438BEC544F1B41001C7CE1FB74044180810405CD4F1B4180EC9EBCA375044100D578E950501B4180E848AE027604410095D4C99B501B41003411B619760441C057CAF2AD501B41008C4A6A2C7604410032E6AEBC501B4100A245B6837604414005A31299501B418088635D0D770441C0EEC9C361501B41002E90A01C77044180E4F29F5B501B41801283C08B7704410000000030501B41006E3400B077044100371AC021501B4180946508B077044140014DC421501B4180EC9EBC067804410073D75267501B41805227203379044100371A4058511B41002E90201D7A0441000000800B521B410075021A857A0441803255F053521B4100A16733B07A044100EA95F271521B4100371A40637B0441801B0D60EF521B4100CCEE49637B0441408B6C67EF521B418019E258A97B04418058A87523531B41002E90A0427C0441801B0D6095531B4100CCEEC96C7C0441C0ACFA5CB6531B41802497FF6F7C0441801B0DE0B8531B4180703D0A707C04410063EEDAB8531B410004560E707C044180081BDEB8531B4180490C02797C0441408941E0BF531B4110000000009D11A54E870441C0C8763EA44C1B4100363CBDB787044100A5BDC1744C1B4180923A8110880441005B42BEB44C1B418079C7A94E88044140E4839ED44C1B41803255B087880441C0C8763EFB4C1B410052B89E89880441001214BFFC4C1B410092CB7F8C88044100000080FB4C1B4180B88D062C89044140D3BC635F4D1B4100DE0209B4880441008D28ED9A4D1B4100CB10C7AF880441C09387059D4D1B41800E2D32AC880441005F98CC9E4D1B410055C128A6880441802497BF9B4D1B418075719BF18704418016D94E184D1B410085EB517987044100C139A3C24C1B4180C4203079870441805E298BC24C1B41009D11A54E870441C0C8763EA44C1B4101030000000100000090000000801F636E38AC04418024973FC2461B4100AAF1D285AC0441C0490C02A5461B41800F7AB653AD04410051DA9B5B461B4100DF4F8D61AD0441C020B0F256461B4100B0726863AE044180BE9F1A00461B4180A0F8B102AF0441006B2BB6CA451B4180C2F52885AF0441009E5EE99E451B4100EA95B2A8AF044180B515FB92451B410027310823B00441C042ADE969451B41801804563DB10441009E5EE90B451B4180976E120BB20441C0C342ADC6441B4100A16733A5B20441C0DFBECE92441B41809F1A2F4BB3044100EBE27657441B41004C3789BAB30441806588E32E441B410001DE82BDB30441802497BF2D441B4180B88D86CDB30441C0ADD89F27441B410089D25EEFB30441802BF61718441B4100DCD7012BB40441C0CEF753F3431B41007D3F3544B4044180F085C9E3431B41803A01CD90B4044100D9CEF7AB431B4180900FFAE0B40441C08AFD2571431B4100E02D1032B5044180AEB6A230431B41806FF00598B5044180D5E7AAFE421B418096210EDAB5044180006FC1E0421B4100CFF75356B60441C0E00B53BD421B4180999999EEB60441406EA3C19A421B41806891EDF4B604410085EB5199421B4100B29DEFD9B704414086385665421B410057ECAF03B80441C0EC9E3C5C421B4100ABCF5585B80441002731083F421B4100234A7B0BB90441C07D1D3820421B418009F92053B90441C09F1A2F0F421B418010583960B9044180A982110C421B418082E247A8B9044100151D89F8411B4100D578E9D1B9044180C0CA21ED411B41004E621061BD0441006A4DB31D411B4180EFA7C6D7BF04410000000090401B4180A9825120C00441801B0D607F401B41006C78FA36C0044100492EBF75401B410080483F39C00441C0B437386A401B4180C64B373DC00441402041B156401B41005A643B59C0044140BA490CCB3F1B410051DA9B59C0044180CB7F88C53F1B4100098A1FD5BC0441801B0D601A3F1B4100C9E53FDABA044100000000BA3E1B4180DB68806DB9044100C9E5BF743E1B4180E4F21F27B8044100000080363E1B4100000000EBB704414092CBFF2A3E1B4100C9E53FF7B6044140894160FC3D1B4100000000A2B6044180E4F21FEC3D1B4100098A1F71B6044100371AC0E23D1B410000000097B504414092CBFFB83D1B4180A44EC076B5044100371AC0B23D1B4100F775E038B5044100000000A73D1B4180E4F21FB7B4044180E4F21F8E3D1B4180DB688014B30441000000003E3D1B4100C9E53FDCB0044180E4F29FD13C1B4100C05BA0AAAE044180E4F29F663C1B4180A44EC0B8AD044180E4F29F383C1B4180A44EC076AC044100371A40FB3B1B4180ADD8DF8DAB04414092CBFFCE3B1B41801B0DE03DAA0441C076BE1F8F3B1B4180DB688014A8044180E4F21F263B1B4180E4F21F34A604414092CBFFCA3A1B4100C9E53FF3A5044180E4F29FBE3A1B4100000000A2A40441801B0D607E3A1B41801B0DE0C9A304414092CBFF543A1B4100C05BA07CA3044180E4F21F463A1B4100C05BA0E4A0044100C9E5BFC6391B4100C7BA38CFA0044140CD3B0ED1391B410083C0CAC9A00441001B9E9ED9391B418095438BBAA004410012147FF3391B4100560E2DA3A0044180F7E4211F3A1B41004FAF149EA00441802D215F2F3A1B41806B9AF798A0044100A392BA473A1B41801C5A6482A0044100C8983BE13A1B4180BFEC1E7BA00441C08AFDA5413B1B4100075F187DA004418095438B5C3B1B41002E902084A0044100EEEB807B3B1B4100C4422D8FA0044180E92631AA3B1B41007D3F3597A00441C0915CBECF3B1B41005A643B9DA004410054E325EB3B1B4180EC2F3BA0A00441006B2B36003C1B41005305239DA00441C09BC4A01C3C1B41806FF00598A00441C05D4B08383C1B4180CFD5D68EA00441C06F5F075A3C1B4180F4DB5773A0044140FAED2BA83C1B41003A924B71A00441001DC925B73C1B41805F074E75A0044100D9CEF7CC3C1B41803C2C547CA0044140C4B16EEC3C1B4100B072688FA00441007F6ABC443D1B4100AB3E5798A004410098DDD36E3D1B4100FED47899A00441C08BDB28743D1B4100B37B72A5A0044100DAACFAA13D1B4100D6566CACA00441409D8066BA3D1B4100FBCB6EB9A00441C088D29EDA3D1B41808EE472CCA0044100AE47E1FF3D1B4180DE710ADAA00441C05F768F193E1B4100EF3845E2A00441808A8EE4273E1B4100A245B61AA10441C0D634AF7E3E1B4180E7FBA943A10441801F636EB93E1B41007C61B255A10441808A8E64D73E1B4100EA95B25FA1044180CC5D0BED3E1B41803255B068A10441C0DA8ABD083F1B41009F3CAC70A10441C04603F8293F1B4180081B9E79A10441C0825109583F1B41801804567AA10441003867445D3F1B4100C05B2087A10441C0ADD85F953F1B4100C9E5BF90A1044100371A40E93F1B4180D634EF83A10441407B836F45401B4180E9263183A1044140B4C8764C401B4100A089B081A104414006819555401B4100C9E53F81A1044100C9E5BF58401B41004E621081A10441C052966159401B4180BB96107BA10441C0CCCCCC7D401B41006744E970A10441C0F753E3AE401B410077BE9F5AA1044140DD24060C411B4100EFC9433DA10441C096908F7E411B4100A1673335A10441C0AF03A78C411B4100C4422D2EA10441C0915C3E98411B4180F7E46129A1044100C58FB19E411B4180EFA7C605A10441C086A797CE411B41008A1FE3C5A004410095D4C9FF411B41804E4093A0A00441C024068144421B41801E85EB82A00441007A36AB4A421B41805DDCC674A0044140B29DEF71421B41006EA30142A00441805F078E98421B4100C9E5BF2DA0044100C9E53FB1421B4180ED7C3FE69F04414092CB7FFD421B4100DCD781169F044180B74082D8431B4180E4F21F8DA2044180E4F21FD1441B4180DB6880BFA3044180E4F21F27451B4100C05B206CA6044180E4F29FE7451B41808FC275BBA60441000C93E9FD451B4100DD240634A90441408FC275A9461B4100D9CEF737A90441C0C8763EA6461B41806891EDABAA0441C02E6E630D471B4180EC9EBC61AB04414017B75144471B41008941E070AB044180E4F29F37471B41801283C08DAB0441000000801F471B4100894160D0AB044180E4F29FF4461B41805227201BAC044100000080CF461B418088635D24AC04410073D7D2CB461B41801F636E38AC04418024973FC2461B41');

INSERT INTO natura2000_directive_areas (assessment_area_id, type, name, code, authority_id, natura2000_directive_area_id, natura2000_area_id, natura2000_directive_id, design_status_description, geometry)
VALUES (10026, 'natura2000_directive_area', 'Binnenveld', '65', 11, 26, 65, 2, 'Natura 2000-besluit 30 april 2014', '010600002040710000020000000103000000020000009D00000080490C02797C0441408941E0BF531B4180EC9EBC8C7E0441C0825189B4521B41000A6822AB7E0441C039238AA5521B41006EA301FC800441805CFE0382511B418058A8B570810441C0490CC247511B41807DAE367C82044100C7BA38C2501B4180EC2F3B7C820441800F7A36C2501B4100FF217D2583044180226CB86D501B4180C2F5282A83044100D34D626B501B41004B59067B83044140DD240643501B41809465089183044100151D0938501B41009B551FA1830441405BB1FF2F501B410097FF100C84044180855A93FA4F1B41009A081B10840441C0DFBE8EF84F1B41800F7AB674860441C0825189C64E1B41809A771C7093044140C4B16E4A481B418052272070930441801B0D604A481B4100F9A06772930441C000DE8241481B4180B7408275930441C00E9C7335481B4180DC46837593044140A0897035481B418009F92078930441C0CAA1452B481B41008716D9719304418080260225481B41002DB29D6593044100FCA9F117481B4180BE9F1A65930441C01C5A6417481B41800B24A863930441803D0AD715481B4100FFB2FBC692044100560E2D9F471B4100CBA145B4910441C0A679C7CD461B4180E09C9122910441004625B55E461B4180C117A6BC900441C037F80211461B4100D26FDFD78F044100C58FF160451B4180BC7493BF8E044140F38E938A441B410030BBA7F48D0441806ABCF4EE431B41007B14AE958D044100CCEE49A7431B4180E92631F28C0441C03099EA2C431B418094F686728C0441C0C64B37D0421B41801B0D60238C044180900F7A9B421B4100083D1B228B044140B072A8E4411B4100174850B18904414090A078E3401B4100022B078889044180F2B010E5401B410054E3A58789044140E17A14E5401B4100D8817387890441C057CA32E5401B41801A2FDD5A89044140C6DC7500411B4180158CCADD880441006B2BB64A411B4100166ACDC6880441808CB96B58411B41004B59065F880441C0DFBE4E96411B418045B6F3F6870441C04D6290CF411B4100D42BE5ED87044100295C0FD4411B41004B5986C2870441C0172693E9411B41803255B09D870441408716D9FB411B4100AC1C5A6D8704414025758213421B4180158CCA3287044100560E2D30421B4100EFC943E7860441C0BE0EDC53421B41002FDD24D7860441C059F5795B421B4180D5E7EAD0860441402575425E421B4180C1A8A4C98604410093A98261421B41008C4A6A9D8604414027A04975421B41001A515AD3850441009E5E69CE421B41004B59063A85044100EEEB000E431B4100BBB88D24850441C0E1E91517431B4180348037D1840441801804563A431B41009C33A2BD84044140AD699E42431B4100C4422DB184044100C139E347431B41809DEF27B184044180787AE547431B4100FED4788C84044100D5786957431B4180B81E85EB830441404BC8C79B431B41000F0BB597830441804DF30EBF431B410073D7122F83044180999919EB431B41806B09798782044180AA609431441B4180923A8146820441C04E40134E441B4180499D00A4810441801B0D6092441B41000AD7A3ED8004414041F1A3DF441B4180E7FBA94F800441805E298B22451B418036ABBEE27F0441007B142E50451B41800B24A8E07F0441C04D621051451B41002E9020DF7F0441006B2BB651451B4100B7D180487F044140F8C26491451B410076E01C0A7F0441C09387C5AB451B41802EFF21707E0441C0B6623FED451B41801E85EB6D7E044140454732EE451B418016D94E067E044140C807BD19461B4100E02D10A67D0441C09F1A2F42461B4100705F07037D04414090A03887461B4180C420B0D37C044100A69B449B461B4180711B8DF77B044100DAAC7AF8461B4180499D80F77B044100000080F8461B4180F3FDD4997B0441C032C4F120471B4180C117A6E17A044100A392BA6E471B4100DCD701AE79044100174810F2471B4100A392BAAA790441407DAE76F3471B4180F7E4E136790441C0F3FD9424481B418014AE47CC780441404BC8C751481B4100000000BE780441008F53B457481B410092CBFFA97804410000000060481B4180A44EC06C780441C0D5566C79481B41802497FF667804418004C5CF7B481B4100B37B72BC77044180CC5D0BC5481B4180764F1E6E770441C0BFEC1EE7481B4100022B874A77044140F5B99AF6481B41006F81044A770441402AA9D3F6481B4180703D0A4677044100F2418FF8481B410086C954E176044140423EE822491B4180BDC1977B76044180C420B04D491B4180522720207604410000000074491B4100BD52162076044140CA320474491B418066666672750441C0D85FB6BD491B410011363C1D750441C0B6623FE2491B41004E6210CA740441806891ED054A1B4180B88D063B74044140FAEDAB414A1B4100B459F5DE7304414090A0B8684A1B4180ED7C3F8473044180D712328F4A1B4100371A403C73044180E4F21FAD4A1B41807D1D383C730441C0F75323AD4A1B418003E78C3873044140EA04B4AE4A1B418009F920747204418091ED7C024B1B41003C4ED13E72044180931804194B1B41007D3F35CA710441404CA64A4A4B1B418075711BC9710441808026C24A4B1B4180779C22B971044100DE0289514B1B4180900FFA35710441C0C64B37894B1B4100AC1C5A35710441808EE4728C4B1B418016D9CE36710441803A01CD8B4B1B4180BC74932171044140B4C8F6AF4B1B41005A643BE7700441408716D9E34B1B4100C28627BD700441C0240681174C1B4180D409689670044180ABAD182F4C1B4100E4831E41710441C00C716CC24C1B4100560E2DAC71044140674469154D1B4100EFC9433672044140AD695E864D1B41009BE69DD072044180F7E4A1154E1B4100560E2D46730441C088D29E754E1B4100FED478CF73044180A52C03E14E1B4100287E0C6374044180438BEC544F1B41001C7CE1FB74044180810405CD4F1B4180EC9EBCA375044100D578E950501B4180E848AE027604410095D4C99B501B41003411B619760441C057CAF2AD501B41008C4A6A2C7604410032E6AEBC501B4100A245B6837604414005A31299501B418088635D0D770441C0EEC9C361501B41002E90A01C77044180E4F29F5B501B41801283C08B7704410000000030501B41006E3400B077044100371AC021501B4180946508B077044140014DC421501B4180EC9EBC067804410073D75267501B41805227203379044100371A4058511B41002E90201D7A0441000000800B521B410075021A857A0441803255F053521B4100A16733B07A044100EA95F271521B4100371A40637B0441801B0D60EF521B4100CCEE49637B0441408B6C67EF521B418019E258A97B04418058A87523531B41002E90A0427C0441801B0D6095531B4100CCEEC96C7C0441C0ACFA5CB6531B41802497FF6F7C0441801B0DE0B8531B4180703D0A707C04410063EEDAB8531B410004560E707C044180081BDEB8531B4180490C02797C0441408941E0BF531B4110000000009D11A54E870441C0C8763EA44C1B4100363CBDB787044100A5BDC1744C1B4180923A8110880441005B42BEB44C1B418079C7A94E88044140E4839ED44C1B41803255B087880441C0C8763EFB4C1B410052B89E89880441001214BFFC4C1B410092CB7F8C88044100000080FB4C1B4180B88D062C89044140D3BC635F4D1B4100DE0209B4880441008D28ED9A4D1B4100CB10C7AF880441C09387059D4D1B41800E2D32AC880441005F98CC9E4D1B410055C128A6880441802497BF9B4D1B418075719BF18704418016D94E184D1B410085EB517987044100C139A3C24C1B4180C4203079870441805E298BC24C1B41009D11A54E870441C0C8763EA44C1B4101030000000100000090000000801F636E38AC04418024973FC2461B4100AAF1D285AC0441C0490C02A5461B41800F7AB653AD04410051DA9B5B461B4100DF4F8D61AD0441C020B0F256461B4100B0726863AE044180BE9F1A00461B4180A0F8B102AF0441006B2BB6CA451B4180C2F52885AF0441009E5EE99E451B4100EA95B2A8AF044180B515FB92451B410027310823B00441C042ADE969451B41801804563DB10441009E5EE90B451B4180976E120BB20441C0C342ADC6441B4100A16733A5B20441C0DFBECE92441B41809F1A2F4BB3044100EBE27657441B41004C3789BAB30441806588E32E441B410001DE82BDB30441802497BF2D441B4180B88D86CDB30441C0ADD89F27441B410089D25EEFB30441802BF61718441B4100DCD7012BB40441C0CEF753F3431B41007D3F3544B4044180F085C9E3431B41803A01CD90B4044100D9CEF7AB431B4180900FFAE0B40441C08AFD2571431B4100E02D1032B5044180AEB6A230431B41806FF00598B5044180D5E7AAFE421B418096210EDAB5044180006FC1E0421B4100CFF75356B60441C0E00B53BD421B4180999999EEB60441406EA3C19A421B41806891EDF4B604410085EB5199421B4100B29DEFD9B704414086385665421B410057ECAF03B80441C0EC9E3C5C421B4100ABCF5585B80441002731083F421B4100234A7B0BB90441C07D1D3820421B418009F92053B90441C09F1A2F0F421B418010583960B9044180A982110C421B418082E247A8B9044100151D89F8411B4100D578E9D1B9044180C0CA21ED411B41004E621061BD0441006A4DB31D411B4180EFA7C6D7BF04410000000090401B4180A9825120C00441801B0D607F401B41006C78FA36C0044100492EBF75401B410080483F39C00441C0B437386A401B4180C64B373DC00441402041B156401B41005A643B59C0044140BA490CCB3F1B410051DA9B59C0044180CB7F88C53F1B4100098A1FD5BC0441801B0D601A3F1B4100C9E53FDABA044100000000BA3E1B4180DB68806DB9044100C9E5BF743E1B4180E4F21F27B8044100000080363E1B4100000000EBB704414092CBFF2A3E1B4100C9E53FF7B6044140894160FC3D1B4100000000A2B6044180E4F21FEC3D1B4100098A1F71B6044100371AC0E23D1B410000000097B504414092CBFFB83D1B4180A44EC076B5044100371AC0B23D1B4100F775E038B5044100000000A73D1B4180E4F21FB7B4044180E4F21F8E3D1B4180DB688014B30441000000003E3D1B4100C9E53FDCB0044180E4F29FD13C1B4100C05BA0AAAE044180E4F29F663C1B4180A44EC0B8AD044180E4F29F383C1B4180A44EC076AC044100371A40FB3B1B4180ADD8DF8DAB04414092CBFFCE3B1B41801B0DE03DAA0441C076BE1F8F3B1B4180DB688014A8044180E4F21F263B1B4180E4F21F34A604414092CBFFCA3A1B4100C9E53FF3A5044180E4F29FBE3A1B4100000000A2A40441801B0D607E3A1B41801B0DE0C9A304414092CBFF543A1B4100C05BA07CA3044180E4F21F463A1B4100C05BA0E4A0044100C9E5BFC6391B4100C7BA38CFA0044140CD3B0ED1391B410083C0CAC9A00441001B9E9ED9391B418095438BBAA004410012147FF3391B4100560E2DA3A0044180F7E4211F3A1B41004FAF149EA00441802D215F2F3A1B41806B9AF798A0044100A392BA473A1B41801C5A6482A0044100C8983BE13A1B4180BFEC1E7BA00441C08AFDA5413B1B4100075F187DA004418095438B5C3B1B41002E902084A0044100EEEB807B3B1B4100C4422D8FA0044180E92631AA3B1B41007D3F3597A00441C0915CBECF3B1B41005A643B9DA004410054E325EB3B1B4180EC2F3BA0A00441006B2B36003C1B41005305239DA00441C09BC4A01C3C1B41806FF00598A00441C05D4B08383C1B4180CFD5D68EA00441C06F5F075A3C1B4180F4DB5773A0044140FAED2BA83C1B41003A924B71A00441001DC925B73C1B41805F074E75A0044100D9CEF7CC3C1B41803C2C547CA0044140C4B16EEC3C1B4100B072688FA00441007F6ABC443D1B4100AB3E5798A004410098DDD36E3D1B4100FED47899A00441C08BDB28743D1B4100B37B72A5A0044100DAACFAA13D1B4100D6566CACA00441409D8066BA3D1B4100FBCB6EB9A00441C088D29EDA3D1B41808EE472CCA0044100AE47E1FF3D1B4180DE710ADAA00441C05F768F193E1B4100EF3845E2A00441808A8EE4273E1B4100A245B61AA10441C0D634AF7E3E1B4180E7FBA943A10441801F636EB93E1B41007C61B255A10441808A8E64D73E1B4100EA95B25FA1044180CC5D0BED3E1B41803255B068A10441C0DA8ABD083F1B41009F3CAC70A10441C04603F8293F1B4180081B9E79A10441C0825109583F1B41801804567AA10441003867445D3F1B4100C05B2087A10441C0ADD85F953F1B4100C9E5BF90A1044100371A40E93F1B4180D634EF83A10441407B836F45401B4180E9263183A1044140B4C8764C401B4100A089B081A104414006819555401B4100C9E53F81A1044100C9E5BF58401B41004E621081A10441C052966159401B4180BB96107BA10441C0CCCCCC7D401B41006744E970A10441C0F753E3AE401B410077BE9F5AA1044140DD24060C411B4100EFC9433DA10441C096908F7E411B4100A1673335A10441C0AF03A78C411B4100C4422D2EA10441C0915C3E98411B4180F7E46129A1044100C58FB19E411B4180EFA7C605A10441C086A797CE411B41008A1FE3C5A004410095D4C9FF411B41804E4093A0A00441C024068144421B41801E85EB82A00441007A36AB4A421B41805DDCC674A0044140B29DEF71421B41006EA30142A00441805F078E98421B4100C9E5BF2DA0044100C9E53FB1421B4180ED7C3FE69F04414092CB7FFD421B4100DCD781169F044180B74082D8431B4180E4F21F8DA2044180E4F21FD1441B4180DB6880BFA3044180E4F21F27451B4100C05B206CA6044180E4F29FE7451B41808FC275BBA60441000C93E9FD451B4100DD240634A90441408FC275A9461B4100D9CEF737A90441C0C8763EA6461B41806891EDABAA0441C02E6E630D471B4180EC9EBC61AB04414017B75144471B41008941E070AB044180E4F29F37471B41801283C08DAB0441000000801F471B4100894160D0AB044180E4F29FF4461B41805227201BAC044100000080CF461B418088635D24AC04410073D7D2CB461B41801F636E38AC04418024973FC2461B41');

INSERT INTO natura2000_area_properties (natura2000_area_id, registered_surface, design_status)
VALUES (65, 1110000, 'definitief');

-- Only a small subsection of habitat areas: don't really use these in tests anyway.
INSERT INTO habitat_areas (assessment_area_id, habitat_area_id, habitat_type_id, coverage, geometry)
VALUES
	(65, 192590, 92, 0.15, '010600002040710000010000000103000000010000009D0000000044FAEDC9AE0441107C6132A5411B410264CC5DD8AE044131355EFA9D411B4101FDF6F5D5AE0441D5915CBE90411B410054E325D1AE0441AB976E5288411B41019BE61DC5AE04416ADE714A7C411B4100C6DCB5C2AE0441FFB27B726B411B41806FF085C7AE0441A00F7A365E411B41826FF085C7AE0441F1F36C9654411B4101ABCF55CCAE0441D640822240411B41FFFCF6F5D5AE04412D2B87162E411B418038D6C5DAAE04415DE483DE26411B41011DC965E4AE0441438D976E18411B4100C6DC35E9AE04411E1B9E9E13411B418248BF7D08AF04411EA3923A17411B41817FD9BD1BAF044145158C0A1C411B41829FAB2D2AAF04411BEA95721E411B41001DC96531AF0441409D80A61F411B41FF2CB29D38AF0441565C8F4223411B41818FC27549AF044125B37BB231411B41FFE5AE256BAF0441E9B88D863C411B41829FAB2D77AF0441746C78BA3D411B418168916D8AAF044195567DEE3E411B4100CBA1459BAF0441526C78BA3D411B4100F697DD98AF0441B6F97EEA38411B41806891EDB0AF04419C567DAE2B411B4180218EF5BCAF0441CE4082E22C411B418131772DC4AF0441D4F97EAA25411B418168916DD7AF0441F71A9E9E13411B41015D6D45E8AF044199FF90FE09411B4103F01648FBAF0441957EFBFAFB401B417F9DEF2718B0044164530523EB401B410057EC2F24B004415C0C02EBE3401B410010E93730B00441F79908DBCB401B418072F90F41B00441E69F1A6FC3401B418082E2C76EB00441A3B5153BC2401B41803BDFCF7AB004418BE61DA7CA401B418182E2C76EB00441BC6800AFD6401B41FFB8FC875BB004413B22FDF6F5401B4180E4F21F59B00441DAF0F4CA00411B4180F4DB5760B004413463EE9A05411B417F82E2C76EB00441CFBFEC9E0B411B4180BDC19773B00441B5BFEC9E0B411B418204C50F8EB00441AC68006F10411B41804BC887A8B004411422FD761C411B410240A45FB9B00441E8A9F11220411B410098DD13BEB0044121560E6D22411B418096908FCEB00441808E75F111411B41FF56EC2FDFB00441D07268910F411B4180F2B0D015B104411105341106411B41807BF2302BB1044162772D2100411B4101C58F3151B104414D97FFD0F7401B410085EB516BB104414C97FF10F3401B41806054D287B1044127EEEB80EF401B41011826D39EB10441ABF97EAAEC401B4100B29DEFB7B10441C9F75363E6401B4180B96B89CEB10441ECF5281CE0401B4182BE9F9ADDB10441A6F6069FE2401B4102530523E5B104410DF775E0E3401B4100F54AD914B20441D8FA5C2DEF401B4100022B073DB20441AFC64BF7F7401B41009F3CAC5DB2044132C6DCB5F6401B41825E29CB9CB204410F48503CF2401B410066F764B3B20441FE4525F5EB401B4183FC18F3BFB204410C7A362BE3401B418009F920E8B20441327A362BE3401B4101A2B437FCB20441FB43FAADE5401B4100AB3ED717B30441DB460378EE401B4180ADD85F1FB30441CE490C42F7401B4101AB3ED717B30441151748D003411B4180AA605415B304413C1AC0DB0D411B4180A60AC608B30441AAED7C3F2D411B4182A0F831F7B204410ABADA4A37411B41FF073D1BE3B2044175C1A8E44D411B41FF012B87D1B20441B68CB92B54411B410003090AD4B204413E90A0785F411B4180AD695EE8B204413461C3536B411B4180AF03E7EFB20441789543CB63411B4180AF03E7EFB20441C094654861411B4101AF2564EDB204411293A9425C411B4180AF03E7EFB20441D5915C7E58411B41FFB19D6FF7B20441E08F313752411B4180B5157B01B3044194C3D32B48411B4103508D971AB3044156F38ED332411B418152272022B30441C3F0F44A2B411B410055C1A829B3044139ED0DFE1F411B41015839B433B30441692041B114411B417F5AD33C3BB30441A41D38E70B411B41815BB1BF3DB30441831A2F1D03411B41025D6DC542B30441474CA6CAF2401B41804694F647B30441896CE7BBEC401B4180EB51B8FFB20441E4D556ACDA401B4102AE47E19DB20441BC9AE65DCA401B41808B6C6729B204412A295C0FBA401B410167D5E7C2B104417E438B6CA7401B41007B142E1BB10441F49690CF86401B4100022B87AEB0044146F5B9DA72401B418123B9FC51B00441D80968A265401B417FDE710AF1AF0441613EE8994F401B4181847C509DAF0441E63C9B9544401B4180E8482E45AF0441EC5B20C130401B418175719BD2AE04412086C95421401B417F029A0860AE04415E992A1809401B41FF6800EF1DAE04411E98DD13FE3F1B4100CAC342E3AD0441C88BDB68EF3F1B4181832F4CDDAD0441A287855AF83F1B4100250681B6AD044101EA95B204401B41001B9EDEA4AD044163CB10470F401B418001BC0577AD04416928EDCD12401B4101B9FC0760AD0441D2BCE31414401B41FF4750FC5EAD04416B92CBFF15401B41FF4A59065AAD0441376210181F401B4181C64B375CAD04411C48507C3A401B41009F3C2C67AD0441DC1726D349401B410266F7E47AAD0441F20CE0ED61401B4100492EFFA2AD0441A4E7FBE963401B41008BFD65DFAD0441CC3D79984E401B410099BB960DAE044147E8D9EC53401B410297FF902DAE04418B34807767401B41006A4D7349AE0441DBDCB5C47B401B41FF770BA477AE04415B87161981401B4181C11726BBAE04411B59173778401B41826B9A77D0AE04411C88F41B71401B417F1361C305AF044116B7D1006A401B4102C3642A42AF0441C30C71AC64401B4100166ACD6CAF0441E388D21E61401B417F1CEBE293AF044124B7D1006A401B41FFE53FA4BEAF0441C75D4BC87C401B4182A60A46C5AF04416455306A83401B41011C7CE1D0AF0441844C150C8A401B4180DC4683D7AF0441A7B7408291401B4180B88D06D5AF0441E940826299401B41FFC9C3C2C7AF0441CD5B2081A2401B4180F085C9C2AF04412ABC05D2A5401B41811A2FDDB3AF04410DBE3099B0401B4100F1F4CA8EAF0441B1D556ACBA401B4102022B8781AF0441063F575BB7401B4180EC9E3C79AF04419FDE710AB4401B41FFF5975D60AF04418D734694AC401B4180FF907E47AF0441FF361AC0AB401B410043ADE936AF0441A8BAB88DB1401B410154E3A529AF0441C159F579C0401B4181C117A616AF0441A73C2C14CE401B4101F853E30EAF044169C2F5A8DB401B4101C66D34E4AE0441A204C50FEF401B4101948785B9AE044184D93D390A411B41004625F58AAE0441BD36ABBE19411B4100143F4660AE044177855A5327411B418025758242AE04416805A3D22C411B418217B7D128AE0441829FABAD44411B41024E629001AE04418809F9205F411B410103098A20AE044149F38E136B411B4100A0893054AE04419818045686411B4180D1915C7CAE0441AB5AD3FC98411B41015530AAA1AE04411B74B555A7411B4182F1634CBAAE0441B9F528DCB1411B410289D2DEBAAE044138F5B91AB2411B410044FAEDC9AE0441107C6132A5411B41'),
	(65, 192569, 144, 0.93, '0106000020407100000100000001030000000100000047000000033A23CA15AC0441759A771C06441B41810C712C2BAC0441B3E53FE4F9431B4100E4831E2CAC04413F3EE859F9431B41808EE47242AC0441DCBCE3D4DF431B41007958A854AC04412E0DE06DD3431B41805E294B6FAC044187DB6800C5431B41806B9A7799AC044188006F41A9431B417F3099AABBAC0441651AC01B88431B4181D712F2E1AC0441841A2F9D66431B4100D044D801AD044125F2414F48431B41FF2BD49A0EAD0441D3F5285C38431B41FFD16F5F1CAD044198B3EA732D431B41FF6B78FA0DAD04411D2FDD242C431B41FF6B78FA0DAD04415860E51028431B418074931814AD044131780BE41E431B41819BC4A0FBAC0441B45B20C117431B4180C2F528E3AC0441A73C2C940E431B4180E61DA7C8AC044120D0445802431B41800A4625AEAC0441F8B0502BF9421B410135EFB897AC044159FF21FDEC421B41003D9B5577AC0441D345B6B3E1421B410076E01C4EAC0441186B2BF6D3421B4181A757CA0FAC0441CDADD81FBE421B4180696F70EDAB04418AE2C758B2421B41004CA68ACDAB04413496214EA7421B41803E57DBBCAB0441AB44696FA0421B410066F764A0AB0441E2BDC11798421B4100F775E086AB0441B634EF3891421B410280483F73AB0441DEE00BD38B421B41004FAF9461AB0441165A647B83421B410288F4DB52AB04413A29CB107F421B410070CE8845AB0441834DF3CE76421B41004D848D0BAB0441DBA44E8066421B41827DAEB6F8AA0441494013215F421B41FFF141CFF5AA04417CF2B01061421B41010EBEB0E3AA044162696FB064421B4100B37BF2CDAA04416E696FB064421B41FFCEF7D3BBAA0441A5F2B01061421B41009031F793AA044125FCA93156421B4180B437F872AA04412B6DC5FE48421B4183423E686AAA0441D24D62904B421B4180B3EA7357AA0441AFF90F6957421B41009487053BAA044119A5BD4163421B4102EA95B225AA04413B5EBA4970421B41005B42BE12AA0441AE0968227C421B4180CA324409AA044191B515FB87421B41801E856BFDA90441CB89B06197421B41029D1125F0A904414072F98FA5421B417FA60AC6EBA904418C4AEAC4B3421B41003E79D8E0A904412D7A366BBB421B4100F6285CCFA90441015C2041C5421B41808D976EC4A90441C2CDAACFCB421B4100CAC3C2B0A90441FDF1D28DD4421B41014D840D86A9044182EE5A02F0421B4180F8316678A90441E38F31B7FD421B417F1E16EA66A90441ACAA60D40A431B41812BF6974BA90441A8DCB5C41B431B41016822EC37A90441F2EDEB402D431B4180FF90FE2CA90441B81B0DA031431B41FFAD47E11FA9044183787AA53D431B4100EEEBC018A904413B39B4C83F431B41FF3B4E5153A904419F3A018D54431B4100C05B2005AA0441F1AB1C9A93431B418125E48319AA0441B8F3FDD49A431B4182F38ED34FAA044156AB3E17AE431B4101D7A370E6AA04418C24977FE3431B410155302AF7AA0441130DE06DE9431B41815227203BAB04410939458701441B410364CCDDC7AB04419244696F33441B4180A982D1D4AB044103022B0738441B41033A23CA15AC0441759A771C06441B41'),
	(65, 192600, 146, 0.7, '010600002040710000010000000103000000010000003B00000080081B1E9BA804417CBE9F9AFE3E1B4180CC5DCB99A80441F478E9A6F83E1B4100780B249EA80441336A4DB3EC3E1B4180D5E76A9FA80441C9490C82E93E1B4181D2DEE0A0A8044128F77520DE3E1B410025060191A80441BA39238ADC3E1B4100A2B43728A504410C143FC6393E1B4101BE3099CEA3044190469476FB3D1B41005917378AA2044173DA1B7CC03D1B4180C954413EA2044162F6979DB23D1B418081044540A20441D7FA5CADC13D1B4181E09C914EA2044164FF217DDC3D1B418029CB906FA204417E378941EE3D1B418127A0097EA204410E5F980CF63D1B410096B28CC7A204414E70CE08FC3D1B4101F2414FCDA2044119EEEB80FC3D1B41011B9EDEE6A204416D9CA2E3173E1B4101C05B20F9A20441B7E76AAB243E1B4101F1F44A21A30441476DC57E263E1B41FFA8A4CE45A30441EB817346333E1B4183EFA74675A30441E1817346333E1B41817EFB3A80A30441D6E76AAB243E1B4181B20C719DA30441752BF6D7223E1B417F9ECD2ADFA30441C8C342ED363E1B4103211F743AA40441CB5296E1413E1B4100A2B43756A4044159C6DCB5453E1B417FBB969080A4044167A8358D4B3E1B4180158C4AC2A404415A378981563E1B41808BDBE8C5A404413888F41B573E1B410190A0F80EA50441DC4B3749633E1B410053052337A50441D24B3749633E1B410152B81E8BA50441611E166A6C3E1B417FDFBE0EEAA50441FB7493D87C3E1B418044696F2FA60441C1506B1A8F3E1B4100575BB141A60441DF923AC1923E1B41FF38454752A60441254FAF549D3E1B417F65886382A60441629B559FA23E1B4100F85363A3A604410C10E9F7A83E1B4180B1BF6CD7A604419D1951DAB13E1B41024ED11109A704411274B5D5BD3E1B4182B6F3FD24A704410CD26F9FC83E1B41FFC6BAB844A704412CDCD781D13E1B4100560EAD6CA70441C50A46E5D63E1B41025305238BA70441D134EFF8DB3E1B41810F7A36B1A7044103F46C96E33E1B4100A24536D2A704419214AE07E83E1B41FFBCE314F7A704419391ED7CEA3E1B41025EBA49F8A70441A5A98291EA3E1B41FF065F980CA804413FFED478EC3E1B4182F085C929A80441DE68002FF23E1B4181F2B0504DA8044125F9A067F73E1B4100DCD7015AA804413EEF38C5F63E1B41014703F867A8044183438BACF83E1B41006EA3017BA80441EECEF793FA3E1B418052962182A8044114C9E53FFD3E1B417F11A5BD98A804414650FCD8033F1B4180F1634C9FA80441B300DEC2053F1B4101BBB88DA1A8044125B1506B063F1B4180081B1E9BA804417CBE9F9AFE3E1B41'),
	(65, 192499, 174, 1.0, '0106000020407100000100000001030000000100000038000000FFCC3B4E297804415E1FF42C3A4E1B410087A7572D7804413F7DAE763C4E1B41FFDD02094678044150A4DF7E494E1B417F226C78617804410D40A4DF624E1B418103780B917804410FC8983B854E1B410063EEDA92780441C5703D8A864E1B4101DCD7819F7804411EAC1C1A924E1B41005305A3BA780441955374E4AA4E1B4100FCA971D7780441DF8AFDE5C24E1B4100A4703DF2780441E4817306D54E1B4180B1BF6CFA780441893BDF8FDA4E1B417F499D00047904411A1973D7E04E1B4101D42B650B790441E8A145B6DF4E1B417FBDC19716790441879ECD6ADF4E1B41825AD3BC247904411CFCA9F1DD4E1B4100F1F44A3279044165006FC1D74E1B410035EFB83B790441C50B2428D24E1B41022DB29D41790441316DC57ECA4E1B417F26C20641790441FDD8CEB7C34E1B41038F53F439790441C40A46A5BC4E1B41004B598630790441FFBE0E1CB94E1B417F5AD3BC2479044175B81E85B84E1B4100C364AA1D79044101D578E9AD4E1B4101CCEE49117904413A4547F2A04E1B4100E2581706790441AD734694994E1B4102EA95320079044169014D84974E1B4100EF384507790441F854C128954E1B41FF7FB7C00D7904414F39B408914E1B418079C7290D7904416817B7518C4E1B4100E2581706790441461FF46C864E1B4180F1D24DFA78044100273188804E1B4100BC0592EB780441160534D17B4E1B417F8638D6DC7804410D8C4A2A794E1B4100AC1CDAC5780441985AD37C594E1B410131082CB478044111A5BDC13C4E1B417F69DEF1B9780441A44C15CC324E1B41008F53F4B2780441C6EC9E3C2D4E1B4100D26FDF8C780441D0605412124E1B410177BE1F3A780441B195430BD74D1B410154E3A544780441ACEFA706E44D1B4100F8C2E445780441930D4F6FEC4D1B4180029A8841780441ED79C7A9F24D1B41822A18953E78044109F241CFF44D1B4180567DAE3A780441A04160A5F74D1B410074B59532780441BB69DEB1FB4D1B4183EE5A4224780441A2E4F2DFFD4D1B41800E2D32127804416BBB27CFFE4D1B4101DDB504FD770441060EBEF0FC4D1B417FF2B050EF7704419EBC74D3F94D1B418024977FDE7704417DA7570AF24D1B4180AA60D4C677044113197317E34D1B4100A8C6CBAE7704413FD3BC63CA4D1B4101C4422DD4770441873F359EFA4D1B41008E75F1E4770441EB0FE977094E1B4100A08930047804414CC1A824254E1B41FFCC3B4E297804415E1FF42C3A4E1B41');

INSERT INTO habitat_properties (goal_habitat_type_id, assessment_area_id, quality_goal, extent_goal, design_status)
VALUES
	(144, 65, 'level', 'increase', 'definitief'),
	(174, 65, 'increase', 'increase', 'definitief'),
	(176, 65, 'level', 'level', 'definitief');

INSERT INTO species_properties (species_id, assessment_area_id, quality_goal, extent_goal, population_goal, population_goal_description, design_status)
VALUES
	(130, 65, 'level', 'level', 'level', null, 'definitief'),
	(144, 65, 'level', 'level', 'level', null, 'definitief');

INSERT INTO species_to_habitats (species_id, assessment_area_id, goal_habitat_type_id)
VALUES
	(144, 65, 174);

INSERT INTO designated_species (species_id, assessment_area_id)
VALUES
	(130, 65),
	(144, 65);

-- Veluwe specific
-- Using square centered on 1 receptor to avoid generating 100k+ receptors.
-- Values based on:
--SELECT assessment_area_id, type, name, code, authority_id, natura2000_area_id, 
--	st_multi(st_buffer(ae_determine_coordinates_from_receptor_id(4776053), 500, 'endcap=square')) 
--	FROM natura2000_areas WHERE natura2000_area_id = 57;
INSERT INTO natura2000_areas (assessment_area_id, type, name, code, authority_id, natura2000_area_id, geometry)
VALUES (57, 'natura2000_area', 'Veluwe', '57', 5, 57, '0106000020407100000100000001030000000100000005000000E6B6E8BD31E40641B378216118631C41E6B6E8BD31E40641B378216178531C41E6B6E8BDF1C40641B378216178531C41E6B6E8BDF1C40641B378216118631C41E6B6E8BD31E40641B378216118631C41');

INSERT INTO natura2000_directive_areas (assessment_area_id, type, name, code, authority_id, natura2000_directive_area_id, natura2000_area_id, natura2000_directive_id, design_status_description, geometry)
VALUES 
	(10020, 'natura2000_directive_area', 'Veluwe', '57', 5, 20, 57, 4, 'Natura 2000-besluit juni 2014, wijzigingsbesluit 29 sep 2016', '0106000020407100000100000001030000000100000005000000E6B6E8BD31E40641B378216118631C41E6B6E8BD31E40641B378216178531C41E6B6E8BDF1C40641B378216178531C41E6B6E8BDF1C40641B378216118631C41E6B6E8BD31E40641B378216118631C41');

INSERT INTO natura2000_area_properties (natura2000_area_id, registered_surface, design_status)
VALUES (57, 884360000, 'definitief');

-- Only 1 habitat area with a 200x200m square geometry centered on the specific receptor: 4776053.
INSERT INTO habitat_areas (assessment_area_id, habitat_area_id, habitat_type_id, coverage, geometry)
VALUES
	(57, 52225, 124, 0.6, '0106000020407100000100000001030000000100000005000000E6B6E8BDB1D70641B3782161D85C1C41E6B6E8BDB1D70641B3782161B8591C41E6B6E8BD71D10641B3782161B8591C41E6B6E8BD71D10641B3782161D85C1C41E6B6E8BDB1D70641B3782161D85C1C41');

INSERT INTO habitat_properties (goal_habitat_type_id, assessment_area_id, quality_goal, extent_goal, design_status)
VALUES
	(124, 57, 'increase', 'increase', 'definitief');

	
-- Duinen en Lage Land Texel specific
-- Values based on:
--SELECT assessment_area_id, type, name, code, authority_id, natura2000_area_id, 
--	st_multi(st_buffer(ae_determine_coordinates_from_receptor_id(7404003), 500, 'endcap=square')) 
--	FROM natura2000_areas WHERE natura2000_area_id = 2; 
INSERT INTO natura2000_areas (assessment_area_id, type, name, code, authority_id, natura2000_area_id, geometry)
VALUES (2, 'natura2000_area', 'Duinen en Lage Land Texel', '2', 9, 2, '01060000204071000001000000010300000001000000050000001A2E565CEA89FB40232CD0C21A0321411A2E565CEA89FB40232CD0C24AFB20411A2E565C6A4BFB40232CD0C24AFB20411A2E565C6A4BFB40232CD0C21A0321411A2E565CEA89FB40232CD0C21A032141');

INSERT INTO natura2000_directive_areas (assessment_area_id, type, name, code, authority_id, natura2000_directive_area_id, natura2000_area_id, natura2000_directive_id, design_status_description, geometry)
VALUES 
	(10010, 'natura2000_directive_area', 'Duinen en Lage Land Texel', '2', 9, 10, 2, 2, 'Natura 2000-besluit 2009, wijzigingsbesluit 2011', '01060000204071000001000000010300000001000000050000001A2E565CEA89FB40232CD0C21A0321411A2E565CEA89FB40232CD0C24AFB20411A2E565C6A4BFB40232CD0C24AFB20411A2E565C6A4BFB40232CD0C21A0321411A2E565CEA89FB40232CD0C21A032141'),
	(10174, 'natura2000_directive_area', 'Duinen en Lage Land Texel', '2', 9, 174, 2, 4, 'Natura 2000-besluit 2009, wijzigingsbesluit 2011', '01060000204071000001000000010300000001000000050000001A2E565CEA89FB40232CD0C21A0321411A2E565CEA89FB40232CD0C24AFB20411A2E565C6A4BFB40232CD0C24AFB20411A2E565C6A4BFB40232CD0C21A0321411A2E565CEA89FB40232CD0C21A032141');

INSERT INTO natura2000_area_properties (natura2000_area_id, registered_surface, design_status)
VALUES (2, 40830000, 'definitief');

-- Only 1 habitat area with a 200x200m square geometry centered on the specific receptor: 7404003.
INSERT INTO habitat_areas (assessment_area_id, habitat_area_id, habitat_type_id, coverage, geometry)
VALUES
	(2, 198485, 28, 0.08, '01060000204071000001000000010300000001000000050000001A2E565CEA70FB40232CD0C2FAFF20411A2E565CEA70FB40232CD0C26AFE20411A2E565C6A64FB40232CD0C26AFE20411A2E565C6A64FB40232CD0C2FAFF20411A2E565CEA70FB40232CD0C2FAFF2041');

INSERT INTO habitat_properties (goal_habitat_type_id, assessment_area_id, quality_goal, extent_goal, design_status)
VALUES
	(28, 2, 'level', 'level', 'definitief');


-- Haringvliet specific
-- Values based on:
--SELECT assessment_area_id, type, name, code, authority_id, natura2000_area_id, 
--	st_multi(st_buffer(st_translate(ae_determine_coordinates_from_receptor_id(7404003), -101, 0), 100, 'endcap=square')) 
--	FROM natura2000_areas WHERE natura2000_area_id = 109;
INSERT INTO natura2000_areas (assessment_area_id, type, name, code, authority_id, natura2000_area_id, geometry)
VALUES (109, 'natura2000_area', 'Haringvliet', '109', 15, 109, '0106000020407100000100000001030000000100000005000000224480EE2AABF440677DD7F3EA361941224480EE2AABF440677DD7F3CA331941224480EEAA9EF440677DD7F3CA331941224480EEAA9EF440677DD7F3EA361941224480EE2AABF440677DD7F3EA361941');

INSERT INTO natura2000_directive_areas (assessment_area_id, type, name, code, authority_id, natura2000_directive_area_id, natura2000_area_id, natura2000_directive_id, design_status_description, geometry)
VALUES 
	(10087, 'natura2000_directive_area', 'Haringvliet', '109', 15, 87, 109, 4, 'Natura 2000 besluit 28 april 2015, Uitvoeringsbesluit EU 2018/40 van 12 december 2017, ABRvS Uitspraak 201504578/2/R2 van 21-2-2018', '0106000020407100000100000001030000000100000005000000224480EE2AABF440677DD7F3EA361941224480EE2AABF440677DD7F3CA331941224480EEAA9EF440677DD7F3CA331941224480EEAA9EF440677DD7F3EA361941224480EE2AABF440677DD7F3EA361941');

INSERT INTO natura2000_area_properties (natura2000_area_id, registered_surface, design_status)
VALUES (109, 111960000, 'definitief');

-- No habitats for Haringvliet


-- Krammer-Volkerak specific
-- Values based on:
--SELECT assessment_area_id, type, name, code, authority_id, natura2000_area_id, 
--	st_multi(st_buffer(st_translate(ae_determine_coordinates_from_receptor_id(7404003), 101, 0), 100, 'endcap=square')) 
--	FROM natura2000_areas WHERE natura2000_area_id = 114;
INSERT INTO natura2000_areas (assessment_area_id, type, name, code, authority_id, natura2000_area_id, geometry)
VALUES (114, 'natura2000_area', 'Krammer-Volkerak', '114', 15, 114, '0106000020407100000100000001030000000100000005000000224480EECAB7F440677DD7F3EA361941224480EECAB7F440677DD7F3CA331941224480EE4AABF440677DD7F3CA331941224480EE4AABF440677DD7F3EA361941224480EECAB7F440677DD7F3EA361941');

INSERT INTO natura2000_directive_areas (assessment_area_id, type, name, code, authority_id, natura2000_directive_area_id, natura2000_area_id, natura2000_directive_id, design_status_description, geometry)
VALUES 
	(10109, 'natura2000_directive_area', 'Krammer-Volkerak', '114', 15, 109, 114, 4, 'Ontwerpwijzigingsbesluit 30 juni 2017', '0106000020407100000100000001030000000100000005000000224480EECAB7F440677DD7F3EA361941224480EECAB7F440677DD7F3CA331941224480EE4AABF440677DD7F3CA331941224480EE4AABF440677DD7F3EA361941224480EECAB7F440677DD7F3EA361941');

INSERT INTO natura2000_area_properties (natura2000_area_id, registered_surface, design_status)
VALUES (114, 60810000, 'ontwerp');

-- Only 1 habitat area with a 200x200m square geometry centered on the specific receptor: 7404003.
INSERT INTO habitat_areas (assessment_area_id, habitat_area_id, habitat_type_id, coverage, geometry)
VALUES
	(114, 97653, 76, 0.4, '0106000020407100000100000001030000000100000005000000224480EECAB7F440677DD7F3EA361941224480EECAB7F440677DD7F3CA331941224480EE4AABF440677DD7F3CA331941224480EE4AABF440677DD7F3EA361941224480EECAB7F440677DD7F3EA361941');

INSERT INTO habitat_properties (goal_habitat_type_id, assessment_area_id, quality_goal, extent_goal, design_status)
VALUES
	(76, 114, 'level', 'increase', 'ontwerp');


-- Lingegebied & Diefdijk-Zuid specific
-- Values based on:
--SELECT assessment_area_id, type, name, code, authority_id, natura2000_area_id, 
--	st_multi(st_buffer(ae_determine_coordinates_from_receptor_id(3954713), 100, 'endcap=square')) 
--	FROM natura2000_areas WHERE natura2000_area_id = 70; 
INSERT INTO natura2000_areas (assessment_area_id, type, name, code, authority_id, natura2000_area_id, geometry)
VALUES (70, 'natura2000_area', 'Lingegebied & Diefdijk-Zuid', '70', 5, 70, '010600002040710000010000000103000000010000000500000026FAB4DCD6C3004154E39891079A1A4126FAB4DCD6C3004154E39891E7961A4126FAB4DC96BD004154E39891E7961A4126FAB4DC96BD004154E39891079A1A4126FAB4DCD6C3004154E39891079A1A41');

INSERT INTO natura2000_directive_areas (assessment_area_id, type, name, code, authority_id, natura2000_directive_area_id, natura2000_area_id, natura2000_directive_id, design_status_description, geometry)
VALUES 
	(10190, 'natura2000_directive_area', 'Lingegebied & Diefdijk-Zuid', '70', 5, 190, 70, 2, 'Natura 2000-besluit 4 juni 2013', '010600002040710000010000000103000000010000000500000026FAB4DCD6C3004154E39891079A1A4126FAB4DCD6C3004154E39891E7961A4126FAB4DC96BD004154E39891E7961A4126FAB4DC96BD004154E39891079A1A4126FAB4DCD6C3004154E39891079A1A41');

INSERT INTO natura2000_area_properties (natura2000_area_id, registered_surface, design_status)
VALUES (70, 7500000, 'definitief');

-- Only 1 habitat area with a 200x200m square geometry centered on the specific receptor: 3954713.
INSERT INTO habitat_areas (assessment_area_id, habitat_area_id, habitat_type_id, coverage, geometry)
VALUES
	(70, 36214, 155, 1, '010600002040710000010000000103000000010000000500000026FAB4DCD6C3004154E39891079A1A4126FAB4DCD6C3004154E39891E7961A4126FAB4DC96BD004154E39891E7961A4126FAB4DC96BD004154E39891079A1A4126FAB4DCD6C3004154E39891079A1A41');

INSERT INTO habitat_properties (goal_habitat_type_id, assessment_area_id, quality_goal, extent_goal, design_status)
VALUES
	(154, 70, 'level', 'level', 'definitief');


-- province_areas intentionally left empty (only used in WMS)
